-- phpMyAdmin SQL Dump
-- version 3.3.9
-- http://www.phpmyadmin.net
--
-- Хост: localhost
-- Время создания: Июл 26 2012 г., 06:01
-- Версия сервера: 5.5.8
-- Версия PHP: 5.3.5

SET SQL_MODE="NO_AUTO_VALUE_ON_ZERO";


/*!40101 SET @OLD_CHARACTER_SET_CLIENT=@@CHARACTER_SET_CLIENT */;
/*!40101 SET @OLD_CHARACTER_SET_RESULTS=@@CHARACTER_SET_RESULTS */;
/*!40101 SET @OLD_COLLATION_CONNECTION=@@COLLATION_CONNECTION */;
/*!40101 SET NAMES utf8 */;

--
-- База данных: `afisha`
--

-- --------------------------------------------------------

--
-- Структура таблицы `articles`
--

CREATE TABLE IF NOT EXISTS `articles` (
  `id` int(11) NOT NULL AUTO_INCREMENT,
  `title_ru` varchar(255) NOT NULL DEFAULT '',
  `title_en` varchar(255) NOT NULL DEFAULT '',
  `anons_ru` text NOT NULL,
  `anons_en` text NOT NULL,
  `text_ru` text NOT NULL,
  `text_en` text NOT NULL,
  `status` enum('0','1') NOT NULL DEFAULT '1',
  `pub_date` timestamp NOT NULL DEFAULT '0000-00-00 00:00:00',
  `meta_keywords_ru` varchar(255) NOT NULL DEFAULT '',
  `meta_description_ru` text NOT NULL,
  `meta_keywords_en` varchar(255) NOT NULL DEFAULT '',
  `meta_description_en` text NOT NULL,
  `view` int(10) NOT NULL,
  PRIMARY KEY (`id`)
) ENGINE=MyISAM  DEFAULT CHARSET=utf8 AUTO_INCREMENT=17 ;

--
-- Дамп данных таблицы `articles`
--

INSERT INTO `articles` (`id`, `title_ru`, `title_en`, `anons_ru`, `anons_en`, `text_ru`, `text_en`, `status`, `pub_date`, `meta_keywords_ru`, `meta_description_ru`, `meta_keywords_en`, `meta_description_en`, `view`) VALUES
(1, 'Особо опасны (Savages) ', 'Start your day with a good nights sleep', '\r\nЛучшую на свете марихуану выращивают два бизнесмена – Бен и Чон. Именно об этих предпринимателях и рассказывает фильм Дикари, который появится в мировом прокате 6 июля 2012 года. Бен и Чон считают себе успешными людьми, жизнь которых протекает безгранично и спокойно. ', 'A good night’s sleep, just like proper diet and exercise, is essential to your mental, emotional and physical health.', '\r\nЛучшую на свете марихуану выращивают два бизнесмена – Бен и Чон. Именно об этих предпринимателях и рассказывает фильм Дикари, который появится в мировом прокате 6 июля 2012 года. Бен и Чон считают себе успешными людьми, жизнь которых протекает безгранично и спокойно. Но с появлением в городе мексиканской мафии все кардинально меняется.  «Коллеги по цеху» желают прибрать к рукам лакомый кусок, требуя ъ пятилетний заработок от продажи наркотиков в обмен… на жизнь девушки. Да, не обошелся этот криминал без любовной линии – оба парня влюблены в одну и ту же девушку — прекрасную Офелию. \r\nДрузья соглашаются на уговор мафиози, но между делом придумывают план, чтобы и девушку спасти, и деньги вернуть. Вместе с продажным агентом наркоконтроля Бен и Чон ввязываются в заведомо проигрышную, на первый взгляд, авантюру. С помощью серии хитрых и рискованных ходов они пытаются переиграть жестокого и опасного противника.\r\nЗа кем будет победа – украинский зритель сможет увидеть уже в октябре 2012 года. \r\nАктеры:	Блейк Лайвли, Тейлор Китч, Эмиль Хирш\r\n\r\nРежиссеры:	Оливер Стоун\r\n\r\nСценаристы:	Дон Уинслоу, Шэйн Салерно, Оливер Стоун\r\n\r\n\r\n', '<p>A good night’s sleep, just like proper diet and exercise, is essential to your mental, emotional and physical health.</p> \r\n<p>Yet many people just do not get the recommended amount of sleep needed each night to perform their best during the day. Instead, they sacrifice sleep and wake up to the consequences including difficultly concentrating, irritability, weakened immune system and even higher stress. The good news is that it does not have to be this way.</p> <h2>BETTER SLEEP TIPS</h2> \r\n<p>The sleep set is literally the foundation of your sleep. It’s important to make an overall commitment to healthy, restorative sleep. <span style="font-weight: bold;">Here are some tips for maintaining a healthy sleep cycle and ensuring the best night’s rest:</span></p> \r\n<ul> \r\n  <li>Make sleep a priority by keeping a consistent bedtime and wake schedule, including weekends.</li> \r\n  <li>Create a bedtime routine that is relaxing. Experts recommend reading a book, listening to soothing music or soaking in a hot bath.</li> \r\n  <li>Create a room that is dark, quiet, comfortable and Cool for the best possible sleep.</li> \r\n  <li>Evaluate your Mattress and pillow to ensure proper comfort and support. If your mattress is five to seven years old, it may be time for a new one. In general, pillows should be replaced every year.</li> \r\n  <li>Keep work materials, computers and televisions out of the bedroom.</li> \r\n  <li>Exercise regularly, but complete workouts at least two hours before bedtime.</li> \r\n  <li>If you sleep with a partner, your mattress should allow each of you enough space to move easily. A queen mattress is ideal for two people sharing a mattress.</li> \r\n  <li>Avoid eating, alcohol, nicotine and caffeine close to bedtime. These can lead to poor sleep, keep you awake or disrupt sleep later in the night.</li> \r\n</ul>', '1', '2009-02-03 17:21:00', '', '', '', '', 41),
(2, 'Темный рыцарь: Возрождение легенды (The Dark Knight Rises) ', 'Recommendations how to buy mattress and how to use it correctly ', 'Сменив маску героя на облик беглеца, Бэтмен 8 лет не давал о себе знать. Приняв на себя вину за смерть прокурора Харви Дента, Темный рыцарь пожертвовал возможностью помогать и быть собой. Вместе с комиссаром Гордоном они решили, что так будет лучше для всех. ', 'Your main criterion in choosing a mattress is your feeling of comfort. Lie on the mattress in your usual position. Don’t be in a hurry, try several positions. If you are choosing a mattress for two persons both of them should try the mattress.', 'Сменив маску героя на облик беглеца, Бэтмен 8 лет не давал о себе знать. Приняв на себя вину за смерть прокурора Харви Дента, Темный рыцарь пожертвовал возможностью помогать и быть собой. Вместе с комиссаром Гордоном они решили, что так будет лучше для всех. Пока преступность была раздавлена антикриминальным актом Дента, ложь действовала. Но с появлением хитрой воровки с загадочным прошлым всё меняется. \r\n\r\n26 июля украинцы смогу наблюдать за талантливым, но чокнутым психиатром Хьюго Стрэнджем, который воспользуется тем, что Бэтмен пустился в бега, и при помощи гипноза заставит мера Готема создать специальных отряд полиции для поимки бывшего героя. Злодей также рассчитывает выманить Бэтмена из его укрытия, чтобы самому убить его. Для этого Стрэндж придумывает хитрый план, в результате которого город узнаёт об ещё одном злодее. \r\n\r\nАктеры:	Кристиан Бэйл, Том Харди, Энн Хэтэуэй\r\n\r\nРежиссеры:	Кристофер Нолан\r\n\r\nСценаристы:	Кристофер Нолан, Джонатан Нолан, Дэвид С. Гойер\r\n\r\n', ' \n<p>Your main criterion in choosing a mattress is your feeling of comfort.</p> \n<p>Lie on the mattress in your usual position. Don’t be in a hurry, try several positions. \nIf you are choosing a mattress for two persons both of them should try the mattress.</p> \n<p>Get know from the sales person what are the components of the mattress model you have chosen and what advantages it has for you.</p> \n<p>Order the mattress of the size suiting your bed. Optimal length is your height + 20 cm. Width is all about your preferences.</p> \n<p>While buying AKANT mattress check it to have four fraud protection levels:</p> \n<ul> \n  <li>Jacquard ticking with logo AKANT,</li> \n  <li>A satin ribbon with logo on the mattress corner,</li> \n  <li>Warranty card with the producer’s stamp,</li> \n  <li>Technical passport on the reverse side with bar-code sticker.</li> \n</ul> \n<p>While buying a mattress study warranty card.</p> \n<p>To prolong useful life of the mattress:</p> \n<ul> \n  <li>Cover it with a mattress pad,</li> \n  <li>Turn the mattress once a month,</li> \n  <li>Don’t let the children jump on it,</li> \n  <li>Avoid folding the mattress.</li> \n</ul> \n<p>If necessary you may clean the mattress with a vacuum cleaner or with damp soupy napkin.</p> \n<p>It is recommended to lay the mattress on a hard smooth base.</p> \n<p style="font-weight: bold;">Main reccomendation is to use The Table for Individual Mattress Selection.</p> ', '1', '2009-02-03 17:21:00', '', '', '', '', 8),
(3, 'Блеск (Sparkle)', 'Standard sizes of AKANT mattresses', 'Lurkmore определяет «травлю» как «абсолютно беспощадное преследование жертвы сворой. Жертвой травли обычно становятся люди, демонстрирующие беззащитность и неспособность дать отпор агрессору — авторы наивно-провокационных постов, различные пассивные маргиналы (эмо, готы) и активные не в меру своей компетентности личности».\r\n<br/>\r\n<img src="/public/img/article/8-popup-low.jpg" />\r\n\r\n', 'You can order a mattress of any non-standard size and / form. Price of non-standard mattress is equal to its area myltiplied by price of one square meter for every model.  Price of mattress of non-standard form (round, oval or other) is calculated by our specialists for every order personally.', 'Блеск (Sparkle)\r\nдрама / мелодрама / мюзикл \r\nпремьера: 27 сентября 2012\r\n\r\nЭто последняя роль в кино легендарной Уитни Хьюстон. По иронии судьбы, сюжет фильма близок ей как никому другому. Ведь лента погрузит зрителей в мир звездного взлета, откроет кулису и расскажет, что приносит с собой мировая слава. \r\nДействие картины разворачивается в 1960-х, история рассказывает о невероятном успехе музыкальной группы, состоящей из трех родных сестер, а также о том, как обрушившаяся на них слава, чуть было не разрушила их некогда образцово-сплоченную семью. Акцент фильма на том как тяжело удержать успех, ведь иногда приходится бороться не только с жестоким миром шоу-бизнеса, но и с самим собой, что может обернуться настоящей трагедией.\r\nПремьера фильма Блеск (бюджет 17 млн.долларов) в Украине состоится 27 сентября 2012 года.\r\n\r\nАктеры:	Уитни Хьюстон, Кармен Эджого, Джордин Спаркс\r\nРежиссеры:	Салим Акил\r\nСценаристы:	Мара Брок Акил, Ховард Розенман\r\n\r\n', '<table border="0"> \n  <tbody> \n    <tr> \n      <td>длина (см)</td> \n      <td>ширина (см)</td> \n    </tr> \n    <tr> \n      <td>190</td> \n      <td>70</td> \n    </tr> \n    <tr> \n      <td>190</td> \n      <td>80</td> \n    </tr> \n    <tr> \n      <td>190</td> \n      <td>90</td> \n    </tr> \n    <tr> \n      <td>190</td> \n      <td>120</td> \n    </tr> \n    <tr> \n      <td>190</td> \n      <td>140</td> \n    </tr> \n    <tr> \n      <td>190</td> \n      <td>150</td> \n    </tr> \n    <tr> \n      <td>190</td> \n      <td>160</td> \n    </tr> \n    <tr> \n      <td>190</td> \n      <td>180</td> \n    </tr> \n    <tr> \n      <td>200</td> \n      <td>70</td> \n    </tr> \n    <tr> \n      <td>200</td> \n      <td>80</td> \n    </tr> \n    <tr> \n      <td>200</td> \n      <td>90</td> \n    </tr> \n    <tr> \n      <td>200</td> \n      <td>120</td> \n    </tr> \n    <tr> \n      <td>200</td> \n      <td>140</td> \n    </tr> \n    <tr> \n      <td>200</td> \n      <td>150</td> \n    </tr> \n    <tr> \n      <td>200</td> \n      <td>160</td> \n    </tr> \n    <tr> \n      <td>200</td> \n      <td>180</td> \n    </tr> \n  </tbody> \n</table> \n<p>\nYou can order a mattress of any non-standard size and / form. Price of non-standard mattress is equal to its area myltiplied by price of one square meter for every model.  Price of mattress of non-standard form (round, oval or other) is calculated by our specialists for every order personally.</p>', '1', '2009-02-03 17:21:00', '', '', '', '', 1),
(4, 'Неудержимые 2 (The Expendables 2)', 'Неудержимые 2 (The Expendables 2)', 'Неудержимые вернутся на большие экраны нашей страны уже 16 августа этого года. Когда Тула убивают самым жестоким образом во время задания, его товарищи по оружию задумывают страшную месть. И они не единственные, кто жаждет крови.', 'Что стало прообразом Хогвартс-экспресса и как были придуманы дементоры?\r\n\r\n﻿\r\n\r\n\r\nЭто сейчас Гарри Поттер – самый популярный волшебник, а Джоан Роулинг, автор серии книг об удивительном мальчике – самая богатая женщина в Великобритании и обладательница множества престижных литературных премий. А еще совсем недавно...\r\n\r\n<br/>\r\n<img src="/public/img/article/9-popup-low.jpg" />', 'Неудержимые вернутся на большие экраны нашей страны уже 16 августа этого года. Когда Тула убивают самым жестоким образом во время задания, его товарищи по оружию задумывают страшную месть. И они не единственные, кто жаждет крови. Прекрасная снаружи и дикая внутри Фиона, молодая дочка Тула, тоже отправляется мстить, но только усложняет ситуацию, когда попадает в лапы безжалостного диктатора, планирующего подавить все силы сопротивления в подотчетном регионе. Теперь Барни и Неудержимые должны рискнуть всем, чтобы спасти её и человечество.\r\nРоль главного протагониста, как и в предыдущем фильме, исполнил Сильвестр Сталлоне, антагониста – Жан-Клод Ван Дамм. \r\n\r\n\r\nАктеры:	Сильвестр Сталлоне, Джейсон Стэтхэм, Джет Ли\r\n\r\nРежиссеры:	Саймон Уэст\r\n\r\nСценаристы:	Сильвестр Сталлоне, Кен Кауфман, Ричард Уэнк\r\n\r\n', 'Что стало прообразом Хогвартс-экспресса и как были придуманы дементоры?\r\n\r\n﻿\r\n\r\n\r\nЭто сейчас Гарри Поттер – самый популярный волшебник, а Джоан Роулинг, автор серии книг об удивительном мальчике – самая богатая женщина в Великобритании и обладательница множества престижных литературных премий. А еще совсем недавно...\r\n\r\n\r\n﻿\r\n\r\n\r\n1. Джоан родилась 31 июля 1965 года (кстати, это же число станет днем рождения Гарри Поттера, только год другой – 1980). С самого детства она любила сочинять всякие истории, за что ее просто обожала младшие дети и немногочисленные друзья, среди которых были брат и сестра Иан и Викки Поттеры. Вообще в школе будущей писательнице приходилось туго. Пухленькая рыжеволосая девочка с веснушками, вечно сочиняющая волшебные истории, – это идеальный объект для насмешек!\r\n\r\n\r\n﻿\r\n\r\n\r\n2. Немного позже, закончив факультет филологии в престижном университете искусств Эксетер, Джоан стала «наихудшим секретарем в мире». Многочисленным работодателям не нравилось, что мисс Роулинг вместо того, чтобы выполнять свои секретарские обязанности, постоянно строчит что-то в тетрадке. Тогда же были написаны два первых романа, вскоре убранные в стол как «очень плохие». Но это все мелкие неприятности, настоящие проблемы поджидали писательницу впереди...\r\n\r\n\r\n﻿\r\n\r\n\r\n3. Джоан - 25 лет. Она влюблена, живет в Лондоне и то и дело мотается на поезде в Манчестер к своему парню. В течение нескольких часов перед глазами мелькает однообразный английский пейзаж – поля, зеленые холмы, коровы. Но однажды, когда в поезде что-то сломалось, и он надолго застрял посреди этих полей, с Джоан случилась странная история. Без какой-либо надежды увидеть что-то новое, она выглянула в окно и... В ее воображении возник ясный образ черноволосого мальчишки в круглых очках и со шрамом на лбу. Она еще не знала, откуда взялся этот шрам, зато отчетливо понимала, что этот мальчик - волшебник, что он и сам об этом не подозревает, но очень скоро его пригласят в школу волшебства, и тут все и начнется... Приехав домой, она тут же засела за письменный стол.\r\n\r\n\r\n﻿\r\n\r\n\r\n4. Именно в этот период и начались серьезные неприятности Джоан. Первым испытанием стала смерть мамы, которой было всего 45. Сразу после этого воры ограбили квартиру Джоан в Манчестере (она решила поселиться поближе к своему молодому человеку). Девушка переехала жить к другу, но их отношения почему-то тут же испортились. И после очередной ссоры она перебралась в небольшой отель на окраине. В комнатах было ужасно холодно, зато тихо: никто не мешал писать.\r\n\r\n\r\n﻿\r\n\r\n\r\n5. Через год Джоан уехала в Португалию преподавать английский. Там на одной из вечеринок она познакомилась с прекрасным, как ей тогда казалось, молодым аспирантом. Вскоре последовали свадьба, рождение дочери и... бесконечные скандалы. После очередного муж фактически выставил Джоан с трехмесячной дочкой за дверь. И это в 5 утра! Молодая мама возвратилась в Англию, поселилась неподалеку от младшей сестры, и, живя на мизерное пособие, продолжила писать.\r\n\r\n\r\n﻿\r\n\r\n\r\n6. Джо сняла маленькую квартирку, в которой вместе с ней и дочкой обитали... мыши. Иногда одинокими вечерами, когда дочка уже спала, а под полом шуршали грызуны, Джоан казалось, что черный период никогда не кончится. Именно тогда воображение нарисовало образ дементоров, ужасающих тюремщиков Азкабана, высасывающих из людей радость и надежду.\r\n\r\n\r\n﻿\r\n\r\n\r\n7. Первым человеком, который узнал о Гарри, стала сестра писательницы, Дайанн. Когда Джоан пересказывала ей содержание, та смеялась до слез. И тогда Джо решилась. Она перепечатала рукопись на старой машинке, купленной на распродаже, и отправила ее одному литературному агенту и одному издателю. Оба ответили отказом. Потом ей еще не раз пришлось выслушать этот приговор: слишком сложно для детей, или слишком длинно, или «что-то подобное мы уже читали».\r\n\r\n\r\n﻿\r\n\r\n\r\n8. Но в 1995 году Роулинг, в конечном счете, продала книгу «Гарри Поттер и философский камень» издательству «Блумсбери» (Великобритания) за 4000$ США. А через несколько месяцев Джоан получила грант на 12 тысяч долларов. Она, наконец, смогла купить компьютер, а чуть позже и оставить работу преподавателя, всецело посвятив себя написанию книг.\r\n\r\n\r\n﻿\r\n\r\n\r\n9. Первая книга была опубликована только через два года, в 1997 году, и сразу стала сенсацией — роман «Гарри Поттер и философский камень» начинающей и никому не известной писательницы был признан в Великобритании лучшей детской книгой года. Затем последовали еще шесть частей романа и блестящие экранизации. Мир охватила настоящая «поттеромания».\r\n\r\n\r\n﻿\r\n\r\n\r\n10. Однако богатство и слава мало волнуют Джоан — ради школьного концерта своей дочери она готова пропустить прием у королевы, а собственная семья для нее оказалась самым волшебным событием в жизни. В 2001 году она тайно вышла замуж за врача-анестезиолога Нила Скотта Мюррея, поразительно похожего на сильно повзрослевшего героя ее книг, и родила еще двоих детей (сына – в 2003г. и дочь – в 2005г.).\r\n\r\n\r\n﻿\r\n\r\n\r\nИ в завершении одна небольшая цитата главной волшебницы современности Джоан Роулинг: «Все люди хотят, чтобы их жизнь была удобной. Но первая из четырех великих истин Будды гласит: жизнь есть страдание. Мне очень нравятся эти слова. Потому что жизнь не обязана быть удобной. И в этом я нахожу успокоение - для себя и для всех, кто запутался в жизни. Вы найдете выход. А я, уверена, еще обязательно вляпаюсь в какие-нибудь неприятности. Надеюсь только, что они будут немного меньшего масштаба».\r\n\r\n\r\n\r\nКомментарий для «ВКурсе»\r\n\r\n\r\n﻿\r\n\r\n\r\n\r\nЕкатерина Шипулина, блогер:\r\n\r\n\r\nПочему вдохновляет "Гарри Поттер"? Да потому, что там есть платформа 9 и 3⁄4! На этой платформе можно сесть на поезд, который идет в другой мир. Просто вот так вошёл в стену — и ты в другом мире.\r\n\r\n\r\nВедь наш мир такой предсказуемый и не оставляет выбора. В нашем мире чувствуешь себя ограниченным буквально во всем. Тут есть какие-то оси координат, направления, время. А там - нет. Все открыто перед тобой.\r\n\r\nВ нашем привычном мире всё имеет начало и конец. Как в поездке на поезде: известны пункт отправления и назначения. Тогда какая разница, что будет посредине, если поезд идёт куда-то на свалку? Даже если в поезде играют театры, кино, я ем курочку, люди женятся-разводятся, рожают детей и т.д. Разве это имеет значение? Ведь поезд идёт на свалку. Поэтому хочется найти новый путь, найти ту самую платформу девять и три четверти, чтобы сесть на другой поезд.\r\n\r\nЧтобы попасть в другой мир, из которого можно управлять нашим миром. Миром, где живут маглы. И своей жизнью. Останавливать время. Переносится с одной точки пространства в другую в одно мгновение. Главное, получить независимость от предсказуемой магловской жизни. Не тупо ехать на свалку за отсутствием выбора. А научиться жить на двух уровнях. Всего-то нужно – пройти сквозь стену в нужном месте.\r\n\r\nИ неважно, на что вдохновит книга: на создание новых рецептов, на сочинение волшебных историй, на создание своей школы волшебства. Главное она вдохновляет на снятие ограничений со своего сознания, а свободное сознание вдохновляется на многое.\r\n\r\nЕще знаете, вдохновляет история автора книги. Если есть люди, которые смогли придумать нечто такое, что интересно практически всему миру, то значит, и я это могу сделать.', '1', '2009-02-03 17:21:00', '', '', '', '', 0);
INSERT INTO `articles` (`id`, `title_ru`, `title_en`, `anons_ru`, `anons_en`, `text_ru`, `text_en`, `status`, `pub_date`, `meta_keywords_ru`, `meta_description_ru`, `meta_keywords_en`, `meta_description_en`, `view`) VALUES
(7, 'Топ-10 скромных людей, двигавших историю', 'Топ-10 скромных людей, двигавших историю', 'Хорошие исторические персонажи, на которых нужно равняться\r\n<br/><br/>\r\nРедкое качество лидера в истории — сделать что-то поистине выдающееся или заслуживающее внимание, но при этом остаться простым человеком. Герои этой статьи были именно сильными личностями, но без лишнего пафоса. Им был не чужд гуманизм.\r\n\r\n<br/><br/>\r\nВот 10 «хороших парней в истории», по нашей версии. \r\n<br/>\r\n<img src="/public/img/article/5-popup-low.jpg" />', 'Хорошие исторические персонажи, на которых нужно равняться\r\n\r\nРедкое качество лидера в истории — сделать что-то поистине выдающееся или заслуживающее внимание, но при этом остаться простым человеком. Герои этой статьи были именно сильными личностями, но без лишнего пафоса. Им был не чужд гуманизм.\r\n\r\n\r\nВот 10 «хороших парней в истории», по нашей версии. ', '1. Траян\r\n\r\n<br/><br/>\r\n﻿\r\n\r\n\r\nМарк Ульпий Траян — первый в истории Римской Империи правитель, происходивший из провинции. Его предки относились к древнему испанскому роду, но не были настоящими римлянами в полном ключе слова. То есть — самородок, герой, «selfmade man» по современным понятиям.\r\n<br/><br/>\r\n\r\nРедкий случай, когда императора любили все. Провинциалы — за успех. Столица — за мягкий нрав правления. Сенат — за демократические методы, войско — за храбрость, а народ — за справедливую политику. В период Траяна империя вновь начинает масштабные завоевания, увы, последние в своей истории. Император мечтал покорить Дакию и Парфию (территорию современной Персии), но если первое у него получилось, то на второе не хватило сил. Римская империя уже была не та, что при Цезаре, поэтому новым Гаем Юлием Траяну стать не удалось. Самое интересное — Траяна нарекали «лучшим принцепсом Рима за всю историю». Говоря прямо — лучший император со времен Цезаря. Однако его скромность делала ему честь, он стремился к реальным делам, поэтому сегодня не так популярен и известен среди потомков.\r\n<br/><br/>\r\n\r\n2. Царь Леонид\r\n\r\n<br/><br/>\r\n﻿\r\n\r\n\r\nСюжет фильма «300 спартанцев» пересказывать нет смысла. Все знают легенду про отважный отряд гоплитов, возглавляемый царем Леонидом. Разница в том, что в истории их было около 5000 — вместе с войсками союзных городов, но все равно — капля в море. Леонид вошел в историю как герой, заранее обреченный на смерть, но победивший ее в летописях и в восхищении следующих поколений - ведь он защищал свою Родину. И ведь имя Леонида могло звучать гораздо громче, но вот всех тех 300 спартанцев помнят, а царя-лидера - не всегда.\r\n\r\n<br/><br/>\r\n3. Иисус Христос\r\n\r\n\r\n﻿<br/><br/>\r\n\r\n\r\nХристос — один из тех людей, чья жизнь и биография всегда вдохновляет на подвиги. Сын плотника, принесший себя в жертву за грехи. Основатель христианства — как результат более двух миллиардов верующих. Первая в истории человечества фигура подобного масштаба. А что еще про него сказать? Вы верите во второе пришествие?\r\n<br/><br/>\r\n\r\n4. Велизарий\r\n<br/><br/>\r\n\r\n﻿\r\n\r\n\r\nВелизарий — крупнейший византийский полководец при Юстиниане Великом (490-565). Юстиниан канонизирован Православной Церковью как святой, но военные победы совершал при нем именно генерал Велизарий.\r\n\r\n<br/><br/>\r\nВ 533 году он переправляется в Африку с 40-тысячной армией, буквально за год сокрушая королевство Вандалов и возвращая власть над провинцией в орбиту влияния Рима. А ведь предки вандальских королей считались самыми опасными врагами римской державы.\r\n\r\n<br/><br/>\r\nНо в 534 году Велизария ждет еще более сложная кампания. Увидев победы полководца, император приказывает ему вернуть Италию из рук остготов. Война та затянулась на более чем десять лет с перерывами. Велизарий успевает отражать персов, болгар — воюет на самых разных фронтах и границах страны - казалось, он неутомим. Как бывает с великими, но неизвестными героями, Велизарий стал жертвой придворных интриг — слишком боялась знать влияния честного генерала. Его даже заключили в тюрьму в старости, но Юстиниан пощадил стратега, помня его великие заслуги — хотя все равно не очень справедливо с его стороны.\r\n<br/><br/>\r\n\r\n5. Ярослав Мудрый\r\n\r\n\r\n﻿<br/><br/>\r\n\r\n\r\nЯрослав Мудрый княжил после Владимира Святославовича, крестителя Руси. Он был первым монархом Киевского государства, уже принявшим христианскую веру и правящим в христианской стране. При нем Киевская Русь достигает пика могущества. Князь вел дела с Европой как равноправный партнер, говоря современным языком. Европейцы воспри﻿инимали Русь Ярослава как «Северную Византию», а в XI веке Византия была сильнейшим государством мира. Ярослав для России удивителен еще и тем, что сделал очень много хорошего, но почти никого не казнил. Он строил храмы, расширял территорию, отразил угрозу печенегов с Востока, а также политически вмешивался в дела Польши и Венгрии. Дочери его состояли в браках с королями Запада. Жаль только после его правления страна стала отчаянно стремиться к распаду.\r\n<br/><br/>\r\n\r\n6. Сулейман I\r\n\r\n<br/><br/>\r\n\r\n\r\nСулейман — пример личности, которой свойственна разносторонность. Пять его предшественников, султанов Османской Империи, кровью и жестокостью расширили границы державы до колоссальных владений. Сулейман воевал дальше — он присоединил к державе Африку, Венгрию, Ближний Восток и персидские территории на западе.\r\n<br/><br/>\r\n\r\nДля турков же он стал кем-то вроде первого гуманиста в истории. Сулейман стремился к партнерским отношениям с Европой, но на условиях сильной стороны. При помощи его дипломатических уловок, Турция заключила альянс с Францией. Сулейман выступал жандармом христианской Европы. А еще — у него была жена украинка, Роксолана, захваченная во время одного из набегов, ставшая со временем «серым кардиналом» всей турецкой политики.\r\n<br/><br/>\r\n\r\n7. Томас Мор\r\n\r\n<br/><br/>\r\n﻿\r\n\r\n\r\nСвятой католической церкви. Но Мора любили и коммунисты. Он написал книгу «Утопия», первую со времени «идеального государства» Платона концепцию о создании Рая на земле. Мор был идеалистом, что не мешало ему сжигать протестантов на кострах, но он всегда был крайне гуманен во всех отношениях с подданными. Если сравнить его с другими деятелями английского двора того времени — Уолси, Болейн, Норфолк (сериал «Тюдоры» неплох для ознакомления), Мор — просто Божий агнец в прямом смысле.\r\n<br/><br/>\r\n\r\nУвы, но когда в Англии началась реформация, Мор так и не отступился от католичества. Он не мог принять идеи перемен. При дворе начались интриги, а Генрих VIII казнил Томаса — о чем потом очень сожалел.\r\n<br/><br/>\r\n\r\n8. Екатерина Вторая\r\n\r\n\r\n﻿<br/><br/>\r\n\r\n\r\nВо времена Екатерины — которая, как все знают, была немкой, в стране было немало чиновников-иностранцев. Но «Рашкой» державу они никогда не называли, а любили. Образ Екатерины немного запятнали в 90-е годы постоянными рассуждениями о ее любовниках. Только вот в правление этой женщины, одной из немногих дам на российском престоле, Россия приобрела огромные территории и несла культуру в европейские страны. Царица была немкой, так что спокойно могла бы сидеть в "приобретенной" огромной стране и извлекать прибыли. Но мало того, что она присоединила к России Крым, построила Черноморский флот, еще она состояла в переписке с виднейшими умами Европы - своими соплеменниками - открыто защищая русскую идею и консерватизм! Она писала стихи и трагедии на русском языке - по крайней мере, пыталась. В ее окружение было много действительно талантливых людей: Потемкин, Безбородко, Суворов. Скромный и очень удачный стиль правления. Можно закончить описание Екатерины фразой канцлера Безбородко: "не знаю, как будет у вас, а в наше время ни одна пушка в Европе не могла выстрелить без нашего ведома"\r\n<br/><br/>\r\n\r\n9. Леонардо Да Винчи\r\n\r\n\r\n﻿<br/><br/>\r\n\r\n\r\nДа Винчи — незаурядный пример гения, «Гения» именно с большой буквы. Мастер многочисленных картин, автор «Моны Лизы», над которой до сих пор гадают искусствоведы, разработчик интересных механизмов и теорий. Чего стоит его концепция «Золотого сечения» - попытка описать искусство в математических формулах. Читаешь его труды, смотришь его картины, и думаешь — ну откуда все это могло взяться в голове средневекового, в общем-то, человека, жившего в эпоху костров и дремучести?\r\n<br/><br/>\r\n\r\n10. Че Гевара\r\n<br/><br/>\r\n\r\n﻿\r\n\r\n\r\nЧе Гевара — образ популяризированный современной культурой. Хотя он всю жизнь боролся именно против «попсы» и за правду, попса в итоге и сделала его своей иконой.\r\n<br/><br/>\r\n\r\nРодившись в Аргентине, Че Гевара участвовал в освободительных движениях, революциях, помогая бедным и побеждая богатых. На фоне упадка советских вождей, становившихся все больше бюрократами, а не светочами идей, Че Гевара выглядел новым Лениным, а для других — еще и выше. Жаль только жизнь его, как и жизни многих героев такого типа, оборвалась очень скоро и трагично. Че Гевара всегда хотел быть просто еще одним безымянным героем - к чему и призывал всех. Но капитализм, раз не смог победить его идейно, превратил его в атрибут пафоса и самоутверждения на футболках и кепках. ', '1. Траян\r\n\r\n<br/><br/>\r\n﻿\r\n\r\n\r\nМарк Ульпий Траян — первый в истории Римской Империи правитель, происходивший из провинции. Его предки относились к древнему испанскому роду, но не были настоящими римлянами в полном ключе слова. То есть — самородок, герой, «selfmade man» по современным понятиям.\r\n\r\n\r\nРедкий случай, когда императора любили все. Провинциалы — за успех. Столица — за мягкий нрав правления. Сенат — за демократические методы, войско — за храбрость, а народ — за справедливую политику. В период Траяна империя вновь начинает масштабные завоевания, увы, последние в своей истории. Император мечтал покорить Дакию и Парфию (территорию современной Персии), но если первое у него получилось, то на второе не хватило сил. Римская империя уже была не та, что при Цезаре, поэтому новым Гаем Юлием Траяну стать не удалось. Самое интересное — Траяна нарекали «лучшим принцепсом Рима за всю историю». Говоря прямо — лучший император со времен Цезаря. Однако его скромность делала ему честь, он стремился к реальным делам, поэтому сегодня не так популярен и известен среди потомков.\r\n\r\n\r\n2. Царь Леонид\r\n\r\n\r\n﻿\r\n\r\n\r\nСюжет фильма «300 спартанцев» пересказывать нет смысла. Все знают легенду про отважный отряд гоплитов, возглавляемый царем Леонидом. Разница в том, что в истории их было около 5000 — вместе с войсками союзных городов, но все равно — капля в море. Леонид вошел в историю как герой, заранее обреченный на смерть, но победивший ее в летописях и в восхищении следующих поколений - ведь он защищал свою Родину. И ведь имя Леонида могло звучать гораздо громче, но вот всех тех 300 спартанцев помнят, а царя-лидера - не всегда.\r\n\r\n\r\n3. Иисус Христос\r\n\r\n\r\n﻿\r\n\r\n\r\nХристос — один из тех людей, чья жизнь и биография всегда вдохновляет на подвиги. Сын плотника, принесший себя в жертву за грехи. Основатель христианства — как результат более двух миллиардов верующих. Первая в истории человечества фигура подобного масштаба. А что еще про него сказать? Вы верите во второе пришествие?\r\n\r\n\r\n4. Велизарий\r\n\r\n\r\n﻿\r\n\r\n\r\nВелизарий — крупнейший византийский полководец при Юстиниане Великом (490-565). Юстиниан канонизирован Православной Церковью как святой, но военные победы совершал при нем именно генерал Велизарий.\r\n\r\n\r\nВ 533 году он переправляется в Африку с 40-тысячной армией, буквально за год сокрушая королевство Вандалов и возвращая власть над провинцией в орбиту влияния Рима. А ведь предки вандальских королей считались самыми опасными врагами римской державы.\r\n\r\n\r\nНо в 534 году Велизария ждет еще более сложная кампания. Увидев победы полководца, император приказывает ему вернуть Италию из рук остготов. Война та затянулась на более чем десять лет с перерывами. Велизарий успевает отражать персов, болгар — воюет на самых разных фронтах и границах страны - казалось, он неутомим. Как бывает с великими, но неизвестными героями, Велизарий стал жертвой придворных интриг — слишком боялась знать влияния честного генерала. Его даже заключили в тюрьму в старости, но Юстиниан пощадил стратега, помня его великие заслуги — хотя все равно не очень справедливо с его стороны.\r\n\r\n\r\n5. Ярослав Мудрый\r\n\r\n\r\n﻿\r\n\r\n\r\nЯрослав Мудрый княжил после Владимира Святославовича, крестителя Руси. Он был первым монархом Киевского государства, уже принявшим христианскую веру и правящим в христианской стране. При нем Киевская Русь достигает пика могущества. Князь вел дела с Европой как равноправный партнер, говоря современным языком. Европейцы воспри﻿инимали Русь Ярослава как «Северную Византию», а в XI веке Византия была сильнейшим государством мира. Ярослав для России удивителен еще и тем, что сделал очень много хорошего, но почти никого не казнил. Он строил храмы, расширял территорию, отразил угрозу печенегов с Востока, а также политически вмешивался в дела Польши и Венгрии. Дочери его состояли в браках с королями Запада. Жаль только после его правления страна стала отчаянно стремиться к распаду.\r\n\r\n\r\n6. Сулейман I\r\n\r\n\r\n\r\n\r\nСулейман — пример личности, которой свойственна разносторонность. Пять его предшественников, султанов Османской Империи, кровью и жестокостью расширили границы державы до колоссальных владений. Сулейман воевал дальше — он присоединил к державе Африку, Венгрию, Ближний Восток и персидские территории на западе.\r\n\r\n\r\nДля турков же он стал кем-то вроде первого гуманиста в истории. Сулейман стремился к партнерским отношениям с Европой, но на условиях сильной стороны. При помощи его дипломатических уловок, Турция заключила альянс с Францией. Сулейман выступал жандармом христианской Европы. А еще — у него была жена украинка, Роксолана, захваченная во время одного из набегов, ставшая со временем «серым кардиналом» всей турецкой политики.\r\n\r\n\r\n7. Томас Мор\r\n\r\n\r\n﻿\r\n\r\n\r\nСвятой католической церкви. Но Мора любили и коммунисты. Он написал книгу «Утопия», первую со времени «идеального государства» Платона концепцию о создании Рая на земле. Мор был идеалистом, что не мешало ему сжигать протестантов на кострах, но он всегда был крайне гуманен во всех отношениях с подданными. Если сравнить его с другими деятелями английского двора того времени — Уолси, Болейн, Норфолк (сериал «Тюдоры» неплох для ознакомления), Мор — просто Божий агнец в прямом смысле.\r\n\r\n\r\nУвы, но когда в Англии началась реформация, Мор так и не отступился от католичества. Он не мог принять идеи перемен. При дворе начались интриги, а Генрих VIII казнил Томаса — о чем потом очень сожалел.\r\n\r\n\r\n8. Екатерина Вторая\r\n\r\n\r\n﻿\r\n\r\n\r\nВо времена Екатерины — которая, как все знают, была немкой, в стране было немало чиновников-иностранцев. Но «Рашкой» державу они никогда не называли, а любили. Образ Екатерины немного запятнали в 90-е годы постоянными рассуждениями о ее любовниках. Только вот в правление этой женщины, одной из немногих дам на российском престоле, Россия приобрела огромные территории и несла культуру в европейские страны. Царица была немкой, так что спокойно могла бы сидеть в "приобретенной" огромной стране и извлекать прибыли. Но мало того, что она присоединила к России Крым, построила Черноморский флот, еще она состояла в переписке с виднейшими умами Европы - своими соплеменниками - открыто защищая русскую идею и консерватизм! Она писала стихи и трагедии на русском языке - по крайней мере, пыталась. В ее окружение было много действительно талантливых людей: Потемкин, Безбородко, Суворов. Скромный и очень удачный стиль правления. Можно закончить описание Екатерины фразой канцлера Безбородко: "не знаю, как будет у вас, а в наше время ни одна пушка в Европе не могла выстрелить без нашего ведома"\r\n\r\n\r\n9. Леонардо Да Винчи\r\n\r\n\r\n﻿\r\n\r\n\r\nДа Винчи — незаурядный пример гения, «Гения» именно с большой буквы. Мастер многочисленных картин, автор «Моны Лизы», над которой до сих пор гадают искусствоведы, разработчик интересных механизмов и теорий. Чего стоит его концепция «Золотого сечения» - попытка описать искусство в математических формулах. Читаешь его труды, смотришь его картины, и думаешь — ну откуда все это могло взяться в голове средневекового, в общем-то, человека, жившего в эпоху костров и дремучести?\r\n\r\n\r\n10. Че Гевара\r\n\r\n\r\n﻿\r\n\r\n\r\nЧе Гевара — образ популяризированный современной культурой. Хотя он всю жизнь боролся именно против «попсы» и за правду, попса в итоге и сделала его своей иконой.\r\n\r\n\r\nРодившись в Аргентине, Че Гевара участвовал в освободительных движениях, революциях, помогая бедным и побеждая богатых. На фоне упадка советских вождей, становившихся все больше бюрократами, а не светочами идей, Че Гевара выглядел новым Лениным, а для других — еще и выше. Жаль только жизнь его, как и жизни многих героев такого типа, оборвалась очень скоро и трагично. Че Гевара всегда хотел быть просто еще одним безымянным героем - к чему и призывал всех. Но капитализм, раз не смог победить его идейно, превратил его в атрибут пафоса и самоутверждения на футболках и кепках. ', '1', '2009-02-03 17:21:00', '', '', '', '', 4);

-- --------------------------------------------------------

--
-- Структура таблицы `category`
--

CREATE TABLE IF NOT EXISTS `category` (
  `id` int(5) NOT NULL AUTO_INCREMENT,
  `category_name` varchar(255) CHARACTER SET utf8 NOT NULL,
  `alias` varchar(255) CHARACTER SET utf8 NOT NULL,
  PRIMARY KEY (`id`)
) ENGINE=InnoDB  DEFAULT CHARSET=latin1 AUTO_INCREMENT=2 ;

--
-- Дамп данных таблицы `category`
--

INSERT INTO `category` (`id`, `category_name`, `alias`) VALUES
(1, 'Кино', 'cinema');

-- --------------------------------------------------------

--
-- Структура таблицы `config`
--

CREATE TABLE IF NOT EXISTS `config` (
  `id` int(11) NOT NULL AUTO_INCREMENT,
  `key` varchar(50) NOT NULL DEFAULT '',
  `value` varchar(255) NOT NULL DEFAULT '',
  PRIMARY KEY (`id`)
) ENGINE=MyISAM  DEFAULT CHARSET=utf8 AUTO_INCREMENT=14 ;

--
-- Дамп данных таблицы `config`
--

INSERT INTO `config` (`id`, `key`, `value`) VALUES
(1, 'main_page_block', '32'),
(2, 'main_page_miniblock_1', '33'),
(3, 'main_page_miniblock_2', '34'),
(4, 'main_page_miniblock_3', '35'),
(5, 'admin_login', 'admin'),
(6, 'admin_pass', '96e79218965eb72c92a549dd5a330112'),
(7, 'banner1', 'uploads/banners/nest.png'),
(8, 'banner2', 'uploads/banners/images11.jpg'),
(9, 'banner3', 'uploads/banners/imagesasdfsadf.jpg'),
(10, 'banner_deposit', 'uploads/banners/credit.png'),
(11, 'banner_galery', 'uploads/banners/chinks.png'),
(12, 'banner_deposit_link', '11111111'),
(13, 'banner_galery_link', 'coins/coins_list/1');

-- --------------------------------------------------------

--
-- Структура таблицы `events`
--

CREATE TABLE IF NOT EXISTS `events` (
  `id` int(7) NOT NULL AUTO_INCREMENT,
  `id_owner` int(5) NOT NULL,
  `title` varchar(255) CHARACTER SET utf8 NOT NULL,
  `description` text CHARACTER SET utf8 NOT NULL,
  `main_img` varchar(500) CHARACTER SET utf8 NOT NULL,
  `time` time NOT NULL,
  `link` varchar(500) CHARACTER SET utf8 NOT NULL,
  `category` int(5) NOT NULL,
  PRIMARY KEY (`id`)
) ENGINE=InnoDB  DEFAULT CHARSET=latin1 AUTO_INCREMENT=72 ;

--
-- Дамп данных таблицы `events`
--

INSERT INTO `events` (`id`, `id_owner`, `title`, `description`, `main_img`, `time`, `link`, `category`) VALUES
(38, 1, 'Ледниковый период 4: Континентальный дрейф', 'После приключений под землей прошло семь лет. Случился дрейф континентов. Главные герои мультфильма, отделённые от стада, вынуждены использовать айсберг в качестве плота. Они пересекают океан и попадают в неизвестные им ранее земли с экзотическими животными и пиратами, враждебно настроенными к ним. Скрэту удаётся получить свой жёлудь, но он перемещается в новые для него земли.', 'http://www.kinoteatr.ck.ua/img/poster/297.jpg', '10:00:00', 'http://www.kinoteatr.ck.ua/film-297.html', 1),
(39, 1, 'Ледниковый период 4: Континентальный дрейф', 'После приключений под землей прошло семь лет. Случился дрейф континентов. Главные герои мультфильма, отделённые от стада, вынуждены использовать айсберг в качестве плота. Они пересекают океан и попадают в неизвестные им ранее земли с экзотическими животными и пиратами, враждебно настроенными к ним. Скрэту удаётся получить свой жёлудь, но он перемещается в новые для него земли.', 'http://www.kinoteatr.ck.ua/img/poster/297.jpg', '11:40:00', 'http://www.kinoteatr.ck.ua/film-297.html', 1),
(40, 1, 'Ледниковый период 4: Континентальный дрейф', 'После приключений под землей прошло семь лет. Случился дрейф континентов. Главные герои мультфильма, отделённые от стада, вынуждены использовать айсберг в качестве плота. Они пересекают океан и попадают в неизвестные им ранее земли с экзотическими животными и пиратами, враждебно настроенными к ним. Скрэту удаётся получить свой жёлудь, но он перемещается в новые для него земли.', 'http://www.kinoteatr.ck.ua/img/poster/297.jpg', '13:20:00', 'http://www.kinoteatr.ck.ua/film-297.html', 1),
(41, 1, 'Ледниковый период 4: Континентальный дрейф', 'После приключений под землей прошло семь лет. Случился дрейф континентов. Главные герои мультфильма, отделённые от стада, вынуждены использовать айсберг в качестве плота. Они пересекают океан и попадают в неизвестные им ранее земли с экзотическими животными и пиратами, враждебно настроенными к ним. Скрэту удаётся получить свой жёлудь, но он перемещается в новые для него земли.', 'http://www.kinoteatr.ck.ua/img/poster/297.jpg', '15:00:00', 'http://www.kinoteatr.ck.ua/film-297.html', 1),
(42, 1, 'Ледниковый период 4: Континентальный дрейф', 'После приключений под землей прошло семь лет. Случился дрейф континентов. Главные герои мультфильма, отделённые от стада, вынуждены использовать айсберг в качестве плота. Они пересекают океан и попадают в неизвестные им ранее земли с экзотическими животными и пиратами, враждебно настроенными к ним. Скрэту удаётся получить свой жёлудь, но он перемещается в новые для него земли.', 'http://www.kinoteatr.ck.ua/img/poster/297.jpg', '16:50:00', 'http://www.kinoteatr.ck.ua/film-297.html', 1),
(43, 1, 'Ледниковый период 4: Континентальный дрейф', 'После приключений под землей прошло семь лет. Случился дрейф континентов. Главные герои мультфильма, отделённые от стада, вынуждены использовать айсберг в качестве плота. Они пересекают океан и попадают в неизвестные им ранее земли с экзотическими животными и пиратами, враждебно настроенными к ним. Скрэту удаётся получить свой жёлудь, но он перемещается в новые для него земли.', 'http://www.kinoteatr.ck.ua/img/poster/297.jpg', '18:30:00', 'http://www.kinoteatr.ck.ua/film-297.html', 1),
(44, 1, 'Ледниковый период 4: Континентальный дрейф', 'После приключений под землей прошло семь лет. Случился дрейф континентов. Главные герои мультфильма, отделённые от стада, вынуждены использовать айсберг в качестве плота. Они пересекают океан и попадают в неизвестные им ранее земли с экзотическими животными и пиратами, враждебно настроенными к ним. Скрэту удаётся получить свой жёлудь, но он перемещается в новые для него земли.', 'http://www.kinoteatr.ck.ua/img/poster/297.jpg', '20:10:00', 'http://www.kinoteatr.ck.ua/film-297.html', 1),
(45, 1, 'Три метра над уровнем неба: Я тебя хочу', 'Проведя два года в Лондоне, Аче возвращается домой, чтобы начать новую жизнь: устроиться на работу, завести новых друзей. Однако многое изменилось и встреча с Джин заставляет Аче почувствовать то, что он чувствовал только к Баби — своей первой большой и настоящей любви…', 'http://www.kinoteatr.ck.ua/img/poster/305.jpg', '14:00:00', 'http://www.kinoteatr.ck.ua/film-305.html', 1),
(46, 1, 'Три метра над уровнем неба: Я тебя хочу', 'Проведя два года в Лондоне, Аче возвращается домой, чтобы начать новую жизнь: устроиться на работу, завести новых друзей. Однако многое изменилось и встреча с Джин заставляет Аче почувствовать то, что он чувствовал только к Баби — своей первой большой и настоящей любви…', 'http://www.kinoteatr.ck.ua/img/poster/305.jpg', '18:00:00', 'http://www.kinoteatr.ck.ua/film-305.html', 1),
(47, 1, 'Президент Линкольн: Охотник на вампиров', 'Сюжет фильма раскрывает тайную жизнь Величайшего Президента Америки Авраама Линкольна — любящего мужа и отца днем и беспощадного убийцу вампиров ночью. Армия кровопийц, которым он бросил вызов, растет с каждым днем. Сможет ли президент великой страны противостоять полчищам вампиров и спасти свою семью и народ от неминуемой гибели?..', 'http://www.kinoteatr.ck.ua/img/poster/306.jpg', '10:00:00', 'http://www.kinoteatr.ck.ua/film-306.html', 1),
(48, 1, 'Президент Линкольн: Охотник на вампиров', 'Сюжет фильма раскрывает тайную жизнь Величайшего Президента Америки Авраама Линкольна — любящего мужа и отца днем и беспощадного убийцу вампиров ночью. Армия кровопийц, которым он бросил вызов, растет с каждым днем. Сможет ли президент великой страны противостоять полчищам вампиров и спасти свою семью и народ от неминуемой гибели?..', 'http://www.kinoteatr.ck.ua/img/poster/306.jpg', '16:00:00', 'http://www.kinoteatr.ck.ua/film-306.html', 1),
(49, 2, 'Шаг вперед 4 3D', 'Эмили, дочь влиятельного бизнесмена, приезжает в Майами с намерением стать профессиональной танцовщицей, но влюбляется в Шона — юношу, чья танцевальная труппа устраивает музыкальные флэшмобы. Команда, называющаяся MOB, участвует в конкурсе с внушительным денежным призом, а тем временем отец Эмили намеревается перестроить родной район ребят и переселить тысячи людей. Эмили присоединяется к танцорам и организует протестные мобы, рискуя не осуществить мечту, но сражаясь за нечто более важное.', 'http://www.multiplex.ua/Images/Upload/small.%D0%A8%D0%B0%D0%B3%20%D0%B2%D0%BF%D0%B5%D1%80%D0%B5%D0%B4%203%D0%94.jpg', '10:00:00', 'http://www.multiplex.ua/Movie.aspx?id=993', 1),
(50, 2, 'Шаг вперед 4 3D', 'Эмили, дочь влиятельного бизнесмена, приезжает в Майами с намерением стать профессиональной танцовщицей, но влюбляется в Шона — юношу, чья танцевальная труппа устраивает музыкальные флэшмобы. Команда, называющаяся MOB, участвует в конкурсе с внушительным денежным призом, а тем временем отец Эмили намеревается перестроить родной район ребят и переселить тысячи людей. Эмили присоединяется к танцорам и организует протестные мобы, рискуя не осуществить мечту, но сражаясь за нечто более важное.', 'http://www.multiplex.ua/Images/Upload/small.%D0%A8%D0%B0%D0%B3%20%D0%B2%D0%BF%D0%B5%D1%80%D0%B5%D0%B4%203%D0%94.jpg', '12:05:00', 'http://www.multiplex.ua/Movie.aspx?id=993', 1),
(51, 2, 'Шаг вперед 4 3D', 'Эмили, дочь влиятельного бизнесмена, приезжает в Майами с намерением стать профессиональной танцовщицей, но влюбляется в Шона — юношу, чья танцевальная труппа устраивает музыкальные флэшмобы. Команда, называющаяся MOB, участвует в конкурсе с внушительным денежным призом, а тем временем отец Эмили намеревается перестроить родной район ребят и переселить тысячи людей. Эмили присоединяется к танцорам и организует протестные мобы, рискуя не осуществить мечту, но сражаясь за нечто более важное.', 'http://www.multiplex.ua/Images/Upload/small.%D0%A8%D0%B0%D0%B3%20%D0%B2%D0%BF%D0%B5%D1%80%D0%B5%D0%B4%203%D0%94.jpg', '16:10:00', 'http://www.multiplex.ua/Movie.aspx?id=993', 1),
(52, 2, 'Шаг вперед 4 3D', 'Эмили, дочь влиятельного бизнесмена, приезжает в Майами с намерением стать профессиональной танцовщицей, но влюбляется в Шона — юношу, чья танцевальная труппа устраивает музыкальные флэшмобы. Команда, называющаяся MOB, участвует в конкурсе с внушительным денежным призом, а тем временем отец Эмили намеревается перестроить родной район ребят и переселить тысячи людей. Эмили присоединяется к танцорам и организует протестные мобы, рискуя не осуществить мечту, но сражаясь за нечто более важное.', 'http://www.multiplex.ua/Images/Upload/small.%D0%A8%D0%B0%D0%B3%20%D0%B2%D0%BF%D0%B5%D1%80%D0%B5%D0%B4%203%D0%94.jpg', '18:20:00', 'http://www.multiplex.ua/Movie.aspx?id=993', 1),
(53, 2, 'Шаг вперед 4 3D', 'Эмили, дочь влиятельного бизнесмена, приезжает в Майами с намерением стать профессиональной танцовщицей, но влюбляется в Шона — юношу, чья танцевальная труппа устраивает музыкальные флэшмобы. Команда, называющаяся MOB, участвует в конкурсе с внушительным денежным призом, а тем временем отец Эмили намеревается перестроить родной район ребят и переселить тысячи людей. Эмили присоединяется к танцорам и организует протестные мобы, рискуя не осуществить мечту, но сражаясь за нечто более важное.', 'http://www.multiplex.ua/Images/Upload/small.%D0%A8%D0%B0%D0%B3%20%D0%B2%D0%BF%D0%B5%D1%80%D0%B5%D0%B4%203%D0%94.jpg', '23:30:00', 'http://www.multiplex.ua/Movie.aspx?id=993', 1),
(54, 2, 'Римские приключения', 'Комедия, действие которой происходит в одном из самых прекрасных городов мира. Мы встретим известного американского архитектора, переживающего вторую юность, простого обывателя, неожиданно проснувшегося знаменитым, молодоженов из провинции, каждого из которых ждут романтические открытия, и американского оперного постановщика, задумавшего вывести на сцену поющего работника похоронного бюро…', 'http://www.multiplex.ua/Images/Upload/small.%D0%A0%D0%B8%D0%BC%D1%81%D0%BA%D0%B8%D0%B5%20%D0%BF%D1%80%D0%B8%D0%BA%D0%BB%D1%8E%D1%87%D0%B5%D0%BD%D0%B8%D1%8F.jpg', '17:00:00', 'http://www.multiplex.ua/Movie.aspx?id=949', 1),
(55, 2, 'Римские приключения', 'Комедия, действие которой происходит в одном из самых прекрасных городов мира. Мы встретим известного американского архитектора, переживающего вторую юность, простого обывателя, неожиданно проснувшегося знаменитым, молодоженов из провинции, каждого из которых ждут романтические открытия, и американского оперного постановщика, задумавшего вывести на сцену поющего работника похоронного бюро…', 'http://www.multiplex.ua/Images/Upload/small.%D0%A0%D0%B8%D0%BC%D1%81%D0%BA%D0%B8%D0%B5%20%D0%BF%D1%80%D0%B8%D0%BA%D0%BB%D1%8E%D1%87%D0%B5%D0%BD%D0%B8%D1%8F.jpg', '21:15:00', 'http://www.multiplex.ua/Movie.aspx?id=949', 1),
(56, 2, 'Темный рыцарь: Возрождение легенды ', 'После смерти окружного прокурора Харви Дента, Бэтмен берёт на себя ответственность за совершённые им преступления, чтобы защитить его репутацию и репутацию полицейского департамента Готэма. Спустя восемь лет Бэтмен вынужден вернуться, чтобы помешать новому злодею Бэйну уничтожить город, а также узнать правду о загадочной Селине Кайл.', 'http://www.multiplex.ua/Images/Upload/small.origin.%D0%A2%D0%B5%D0%BC%D0%BD%D1%8B%D0%B9%20%D1%80%D1%8B%D1%86%D0%B0%D1%80%D1%8C.%20%D0%92%D0%BE%D0%B7%D1%80%D0%BE%D0%B6%D0%B4%D0%B5%D0%BD%D0%B8%D0%B5%20%D0%BB%D0%B5%D0%B3%D0%B5%D0%BD%D0%B4%D1%8B.jpg', '10:20:00', 'http://www.multiplex.ua/Movie.aspx?id=991', 1),
(57, 2, 'Темный рыцарь: Возрождение легенды ', 'После смерти окружного прокурора Харви Дента, Бэтмен берёт на себя ответственность за совершённые им преступления, чтобы защитить его репутацию и репутацию полицейского департамента Готэма. Спустя восемь лет Бэтмен вынужден вернуться, чтобы помешать новому злодею Бэйну уничтожить город, а также узнать правду о загадочной Селине Кайл.', 'http://www.multiplex.ua/Images/Upload/small.origin.%D0%A2%D0%B5%D0%BC%D0%BD%D1%8B%D0%B9%20%D1%80%D1%8B%D1%86%D0%B0%D1%80%D1%8C.%20%D0%92%D0%BE%D0%B7%D1%80%D0%BE%D0%B6%D0%B4%D0%B5%D0%BD%D0%B8%D0%B5%20%D0%BB%D0%B5%D0%B3%D0%B5%D0%BD%D0%B4%D1%8B.jpg', '13:20:00', 'http://www.multiplex.ua/Movie.aspx?id=991', 1),
(58, 2, 'Темный рыцарь: Возрождение легенды ', 'После смерти окружного прокурора Харви Дента, Бэтмен берёт на себя ответственность за совершённые им преступления, чтобы защитить его репутацию и репутацию полицейского департамента Готэма. Спустя восемь лет Бэтмен вынужден вернуться, чтобы помешать новому злодею Бэйну уничтожить город, а также узнать правду о загадочной Селине Кайл.', 'http://www.multiplex.ua/Images/Upload/small.origin.%D0%A2%D0%B5%D0%BC%D0%BD%D1%8B%D0%B9%20%D1%80%D1%8B%D1%86%D0%B0%D1%80%D1%8C.%20%D0%92%D0%BE%D0%B7%D1%80%D0%BE%D0%B6%D0%B4%D0%B5%D0%BD%D0%B8%D0%B5%20%D0%BB%D0%B5%D0%B3%D0%B5%D0%BD%D0%B4%D1%8B.jpg', '16:30:00', 'http://www.multiplex.ua/Movie.aspx?id=991', 1),
(59, 2, 'Темный рыцарь: Возрождение легенды ', 'После смерти окружного прокурора Харви Дента, Бэтмен берёт на себя ответственность за совершённые им преступления, чтобы защитить его репутацию и репутацию полицейского департамента Готэма. Спустя восемь лет Бэтмен вынужден вернуться, чтобы помешать новому злодею Бэйну уничтожить город, а также узнать правду о загадочной Селине Кайл.', 'http://www.multiplex.ua/Images/Upload/small.origin.%D0%A2%D0%B5%D0%BC%D0%BD%D1%8B%D0%B9%20%D1%80%D1%8B%D1%86%D0%B0%D1%80%D1%8C.%20%D0%92%D0%BE%D0%B7%D1%80%D0%BE%D0%B6%D0%B4%D0%B5%D0%BD%D0%B8%D0%B5%20%D0%BB%D0%B5%D0%B3%D0%B5%D0%BD%D0%B4%D1%8B.jpg', '19:40:00', 'http://www.multiplex.ua/Movie.aspx?id=991', 1),
(60, 2, 'Темный рыцарь: Возрождение легенды ', 'После смерти окружного прокурора Харви Дента, Бэтмен берёт на себя ответственность за совершённые им преступления, чтобы защитить его репутацию и репутацию полицейского департамента Готэма. Спустя восемь лет Бэтмен вынужден вернуться, чтобы помешать новому злодею Бэйну уничтожить город, а также узнать правду о загадочной Селине Кайл.', 'http://www.multiplex.ua/Images/Upload/small.origin.%D0%A2%D0%B5%D0%BC%D0%BD%D1%8B%D0%B9%20%D1%80%D1%8B%D1%86%D0%B0%D1%80%D1%8C.%20%D0%92%D0%BE%D0%B7%D1%80%D0%BE%D0%B6%D0%B4%D0%B5%D0%BD%D0%B8%D0%B5%20%D0%BB%D0%B5%D0%B3%D0%B5%D0%BD%D0%B4%D1%8B.jpg', '20:30:00', 'http://www.multiplex.ua/Movie.aspx?id=991', 1),
(61, 2, 'Темный рыцарь: Возрождение легенды ', 'После смерти окружного прокурора Харви Дента, Бэтмен берёт на себя ответственность за совершённые им преступления, чтобы защитить его репутацию и репутацию полицейского департамента Готэма. Спустя восемь лет Бэтмен вынужден вернуться, чтобы помешать новому злодею Бэйну уничтожить город, а также узнать правду о загадочной Селине Кайл.', 'http://www.multiplex.ua/Images/Upload/small.origin.%D0%A2%D0%B5%D0%BC%D0%BD%D1%8B%D0%B9%20%D1%80%D1%8B%D1%86%D0%B0%D1%80%D1%8C.%20%D0%92%D0%BE%D0%B7%D1%80%D0%BE%D0%B6%D0%B4%D0%B5%D0%BD%D0%B8%D0%B5%20%D0%BB%D0%B5%D0%B3%D0%B5%D0%BD%D0%B4%D1%8B.jpg', '22:35:00', 'http://www.multiplex.ua/Movie.aspx?id=991', 1),
(62, 2, 'Ледниковый период 4: Континентальный дрейф', 'После приключений под землей прошло семь лет. Случился дрейф континентов. Главные герои мультфильма, отделённые от стада, вынуждены использовать айсберг в качестве плота. Они пересекают океан и попадают в неизвестные им ранее земли с экзотическими животными и пиратами, враждебно настроенными к ним. Скрэту удаётся получить свой жёлудь, но он перемещается в новые для него земли.', 'http://www.multiplex.ua/Images/Upload/small.%D0%9B%D0%B5%D0%B4%D0%BD%D0%B8%D0%BA%D0%BE%D0%B2%D1%8B%D0%B9%20%D0%BF%D0%B5%D1%80%D0%B8%D0%BE%D0%B42_0.jpg', '09:50:00', 'http://www.multiplex.ua/Movie.aspx?id=926', 1),
(63, 2, 'Ледниковый период 4: Континентальный дрейф', 'После приключений под землей прошло семь лет. Случился дрейф континентов. Главные герои мультфильма, отделённые от стада, вынуждены использовать айсберг в качестве плота. Они пересекают океан и попадают в неизвестные им ранее земли с экзотическими животными и пиратами, враждебно настроенными к ним. Скрэту удаётся получить свой жёлудь, но он перемещается в новые для него земли.', 'http://www.multiplex.ua/Images/Upload/small.%D0%9B%D0%B5%D0%B4%D0%BD%D0%B8%D0%BA%D0%BE%D0%B2%D1%8B%D0%B9%20%D0%BF%D0%B5%D1%80%D0%B8%D0%BE%D0%B42_0.jpg', '11:50:00', 'http://www.multiplex.ua/Movie.aspx?id=926', 1),
(64, 2, 'Ледниковый период 4: Континентальный дрейф', 'После приключений под землей прошло семь лет. Случился дрейф континентов. Главные герои мультфильма, отделённые от стада, вынуждены использовать айсберг в качестве плота. Они пересекают океан и попадают в неизвестные им ранее земли с экзотическими животными и пиратами, враждебно настроенными к ним. Скрэту удаётся получить свой жёлудь, но он перемещается в новые для него земли.', 'http://www.multiplex.ua/Images/Upload/small.%D0%9B%D0%B5%D0%B4%D0%BD%D0%B8%D0%BA%D0%BE%D0%B2%D1%8B%D0%B9%20%D0%BF%D0%B5%D1%80%D0%B8%D0%BE%D0%B42_0.jpg', '16:45:00', 'http://www.multiplex.ua/Movie.aspx?id=926', 1),
(65, 2, 'Ледниковый период 4: Континентальный дрейф', 'После приключений под землей прошло семь лет. Случился дрейф континентов. Главные герои мультфильма, отделённые от стада, вынуждены использовать айсберг в качестве плота. Они пересекают океан и попадают в неизвестные им ранее земли с экзотическими животными и пиратами, враждебно настроенными к ним. Скрэту удаётся получить свой жёлудь, но он перемещается в новые для него земли.', 'http://www.multiplex.ua/Images/Upload/small.%D0%9B%D0%B5%D0%B4%D0%BD%D0%B8%D0%BA%D0%BE%D0%B2%D1%8B%D0%B9%20%D0%BF%D0%B5%D1%80%D0%B8%D0%BE%D0%B42_0.jpg', '18:40:00', 'http://www.multiplex.ua/Movie.aspx?id=926', 1),
(66, 2, 'Ледниковый период 4: Континентальный дрейф', 'После приключений под землей прошло семь лет. Случился дрейф континентов. Главные герои мультфильма, отделённые от стада, вынуждены использовать айсберг в качестве плота. Они пересекают океан и попадают в неизвестные им ранее земли с экзотическими животными и пиратами, враждебно настроенными к ним. Скрэту удаётся получить свой жёлудь, но он перемещается в новые для него земли.', 'http://www.multiplex.ua/Images/Upload/small.%D0%9B%D0%B5%D0%B4%D0%BD%D0%B8%D0%BA%D0%BE%D0%B2%D1%8B%D0%B9%20%D0%BF%D0%B5%D1%80%D0%B8%D0%BE%D0%B42_0.jpg', '20:45:00', 'http://www.multiplex.ua/Movie.aspx?id=926', 1),
(67, 2, 'Ледниковый период 4: Континентальный дрейф 3D', 'После приключений под землей прошло семь лет. Случился дрейф континентов. Главные герои мультфильма, отделённые от стада, вынуждены использовать айсберг в качестве плота. Они пересекают океан и попадают в неизвестные им ранее земли с экзотическими животными и пиратами, враждебно настроенными к ним. Скрэту удаётся получить свой жёлудь, но он перемещается в новые для него земли.', 'http://www.multiplex.ua/Images/Upload/small.%D0%9B%D0%B5%D0%B4%D0%BD%D0%B8%D0%BA%D0%BE%D0%B2%D1%8B%D0%B9%20%D0%BF%D0%B5%D1%80%D0%B8%D0%BE%D0%B4%20-%203%D0%94.JPG', '10:30:00', 'http://www.multiplex.ua/Movie.aspx?id=987', 1),
(68, 2, 'Ледниковый период 4: Континентальный дрейф 3D', 'После приключений под землей прошло семь лет. Случился дрейф континентов. Главные герои мультфильма, отделённые от стада, вынуждены использовать айсберг в качестве плота. Они пересекают океан и попадают в неизвестные им ранее земли с экзотическими животными и пиратами, враждебно настроенными к ним. Скрэту удаётся получить свой жёлудь, но он перемещается в новые для него земли.', 'http://www.multiplex.ua/Images/Upload/small.%D0%9B%D0%B5%D0%B4%D0%BD%D0%B8%D0%BA%D0%BE%D0%B2%D1%8B%D0%B9%20%D0%BF%D0%B5%D1%80%D0%B8%D0%BE%D0%B4%20-%203%D0%94.JPG', '14:10:00', 'http://www.multiplex.ua/Movie.aspx?id=987', 1),
(69, 2, 'Ледниковый период 4: Континентальный дрейф 3D', 'После приключений под землей прошло семь лет. Случился дрейф континентов. Главные герои мультфильма, отделённые от стада, вынуждены использовать айсберг в качестве плота. Они пересекают океан и попадают в неизвестные им ранее земли с экзотическими животными и пиратами, враждебно настроенными к ним. Скрэту удаётся получить свой жёлудь, но он перемещается в новые для него земли.', 'http://www.multiplex.ua/Images/Upload/small.%D0%9B%D0%B5%D0%B4%D0%BD%D0%B8%D0%BA%D0%BE%D0%B2%D1%8B%D0%B9%20%D0%BF%D0%B5%D1%80%D0%B8%D0%BE%D0%B4%20-%203%D0%94.JPG', '15:00:00', 'http://www.multiplex.ua/Movie.aspx?id=987', 1),
(70, 2, 'Ледниковый период 4: Континентальный дрейф 3D', 'После приключений под землей прошло семь лет. Случился дрейф континентов. Главные герои мультфильма, отделённые от стада, вынуждены использовать айсберг в качестве плота. Они пересекают океан и попадают в неизвестные им ранее земли с экзотическими животными и пиратами, враждебно настроенными к ним. Скрэту удаётся получить свой жёлудь, но он перемещается в новые для него земли.', 'http://www.multiplex.ua/Images/Upload/small.%D0%9B%D0%B5%D0%B4%D0%BD%D0%B8%D0%BA%D0%BE%D0%B2%D1%8B%D0%B9%20%D0%BF%D0%B5%D1%80%D0%B8%D0%BE%D0%B4%20-%203%D0%94.JPG', '19:15:00', 'http://www.multiplex.ua/Movie.aspx?id=987', 1),
(71, 2, 'Новый человек-паук 3D', 'Питер Паркер вынужден жить со страшным секретом… Еще вчера Питер Паркер был обычным школьником, которого все считали неудачником и занудой, но в один прекрасный день с ним происходит чудо – Питера кусает паук-мутант, после чего с нескладным юношей происходит фантастическая метаморфоза! Так Питер начинает новую жизнь в образе таинственного Человека-Паука, спасителя людей и грозы преступного мира, защищающий спокойствие жителей своего родного города, в котором, кстати, снова неспокойно. Так что Питеру Паркеру придётся на время отложить свои личные проблемы в сторону и позволить Человеку-Пауку найти и обезвредить новых врагов...\r\n', 'http://www.multiplex.ua/Images/Upload/small.kinopoisk.ru-The-Amazing-Spider-Man-1895563.jpg', '12:25:00', 'http://www.multiplex.ua/Movie.aspx?id=985', 1);

-- --------------------------------------------------------

--
-- Структура таблицы `images`
--

CREATE TABLE IF NOT EXISTS `images` (
  `id` int(5) NOT NULL AUTO_INCREMENT,
  `path` varchar(255) CHARACTER SET utf8 NOT NULL,
  `item_id` int(5) NOT NULL,
  PRIMARY KEY (`id`)
) ENGINE=InnoDB  DEFAULT CHARSET=latin1 AUTO_INCREMENT=13 ;

--
-- Дамп данных таблицы `images`
--

INSERT INTO `images` (`id`, `path`, `item_id`) VALUES
(1, '/uploads/images_events/sav1.jpg', 1),
(2, '/uploads/images_events/sav2.jpg', 1),
(3, '/uploads/images_events/sav3.jpg', 1),
(4, '/uploads/images_events/sav4.jpg', 1),
(5, '/uploads/images_events/bet1.jpg', 2),
(6, '/uploads/images_events/bet2.jpg', 2),
(7, '/uploads/images_events/bet3.jpg', 2),
(8, '/uploads/images_events/bet4.jpeg', 2),
(9, '/uploads/images_events/bet1.jpg', 3),
(10, '/uploads/images_events/bet1.jpg', 4),
(11, '/uploads/images_events/bet1.jpg', 5),
(12, '/uploads/images_events/bet1.jpg', 6);

-- --------------------------------------------------------

--
-- Структура таблицы `menu`
--

CREATE TABLE IF NOT EXISTS `menu` (
  `id` int(11) NOT NULL AUTO_INCREMENT,
  `title_ru` varchar(255) NOT NULL DEFAULT '',
  `title_ua` varchar(255) NOT NULL,
  `url` varchar(255) NOT NULL DEFAULT '',
  `ordering` int(11) NOT NULL DEFAULT '0',
  `parent` int(3) NOT NULL,
  `status` enum('0','1') NOT NULL DEFAULT '1',
  PRIMARY KEY (`id`)
) ENGINE=MyISAM  DEFAULT CHARSET=utf8 AUTO_INCREMENT=5 ;

--
-- Дамп данных таблицы `menu`
--

INSERT INTO `menu` (`id`, `title_ru`, `title_ua`, `url`, `ordering`, `parent`, `status`) VALUES
(1, 'Сыры', 'Сыры', '', 1, 0, '1'),
(2, 'Рецепты', 'Рецепти', '', 2, 0, '1'),
(3, 'Акции', 'Акції', '', 3, 0, '1'),
(4, 'О Hochland', 'Про Hochland', '', 4, 0, '1');

-- --------------------------------------------------------

--
-- Структура таблицы `owner`
--

CREATE TABLE IF NOT EXISTS `owner` (
  `id` int(5) NOT NULL AUTO_INCREMENT,
  `name` varchar(255) CHARACTER SET utf8 NOT NULL,
  PRIMARY KEY (`id`)
) ENGINE=InnoDB  DEFAULT CHARSET=latin1 AUTO_INCREMENT=3 ;

--
-- Дамп данных таблицы `owner`
--

INSERT INTO `owner` (`id`, `name`) VALUES
(1, 'Кинотеатр Украина'),
(2, 'Мультиплекс Днепро Плаза');

-- --------------------------------------------------------

--
-- Структура таблицы `pages`
--

CREATE TABLE IF NOT EXISTS `pages` (
  `id` int(11) NOT NULL AUTO_INCREMENT,
  `name` varchar(50) NOT NULL DEFAULT '',
  `title_ru` varchar(255) NOT NULL DEFAULT '',
  `title_ua` varchar(255) NOT NULL DEFAULT '',
  `text_ru` text NOT NULL,
  `text_ua` text NOT NULL,
  `draft_name` varchar(255) NOT NULL,
  `draft_title_ru` varchar(255) NOT NULL,
  `draft_title_ua` varchar(255) NOT NULL,
  `draft_text_ru` varchar(1000) NOT NULL,
  `draft_text_ua` varchar(1000) NOT NULL,
  `draft` int(1) NOT NULL,
  `banner` varchar(500) NOT NULL,
  `status` enum('0','1') NOT NULL DEFAULT '1',
  `meta_keywords_ru` varchar(255) NOT NULL DEFAULT '',
  `meta_description_ru` text NOT NULL,
  `meta_keywords_ua` varchar(255) NOT NULL DEFAULT '',
  `meta_description_ua` text NOT NULL,
  PRIMARY KEY (`id`)
) ENGINE=MyISAM  DEFAULT CHARSET=utf8 AUTO_INCREMENT=62 ;

--
-- Дамп данных таблицы `pages`
--

INSERT INTO `pages` (`id`, `name`, `title_ru`, `title_ua`, `text_ru`, `text_ua`, `draft_name`, `draft_title_ru`, `draft_title_ua`, `draft_text_ru`, `draft_text_ua`, `draft`, `banner`, `status`, `meta_keywords_ru`, `meta_description_ru`, `meta_keywords_ua`, `meta_description_ua`) VALUES
(1, 'o-kompanii', 'О КОМПАНИИ', 'COMPANY PROFILE', '<div class="block_contact_us">\r\n                	<div class="title">\r\n		                <h3>Специально для жителей города Черкассы! </h3>\r\n		                <p>Ты любишь проводить время интересно и с толком? Ты – веселый и любознательный житель нашего города? </p>\r\n                    </div>\r\n	                <p>Тогда мы с радостью представляем новый  проект «FreeTime» - разработанный специально для тебя. Вместе мы побываем на самых интересных событиях в городе, посмотрим все стоящие фильмы и пройдемся по крутых вечеринках. Наша цель: разнообразить твою жизнь: свидания с девушкой сделать по-настоящему особенными, а встречи с друзьями перевести с разряда «пивка попить» в «БОМБЕЗНЫЙ ОТДЫХ».</p>\r\n <p>«FreeTime» для людей, которые чувствую вкус жизни, и знают толк свободному времени!</p>\r\n                </div>', '<div class="block_contact_us">\r\n                	<div class="title">\r\n		                <h3>Специально для жителей города Черкассы! </h3>\r\n		                <p>Ты любишь проводить время интересно и с толком? Ты – веселый и любознательный житель нашего города? </p>\r\n                    </div>\r\n	                <p>Тогда мы с радостью представляем новый  проект «FreeTime» - разработанный специально для тебя. Вместе мы побываем на самых интересных событиях в городе, посмотрим все стоящие фильмы и пройдемся по крутых вечеринках. Наша цель: разнообразить твою жизнь: свидания с девушкой сделать по-настоящему особенными, а встречи с друзьями перевести с разряда «пивка попить» в «БОМБЕЗНЫЙ ОТДЫХ».</p>\r\n <p>«FreeTime» для людей, которые чувствую вкус жизни, и знают толк свободному времени!</p>\r\n                </div>', '', '', '', '', '', 0, 'uploads/banners/', '1', '', '', '', ''),
(61, 'akciii', 'Акции', 'Акції', 'Акции<br />', 'фвафав<br />', '', '', '', '', '', 0, '', '1', '', '', '', '');
